,timestamp,axis1,axis2,axis3,Activity
1,1/19/2018 18:00,830,1012,969,Walking
2,1/19/2018 18:01,187,796,1172,Walking
3,1/19/2018 18:02,143,877,1177,Walking
4,1/19/2018 18:03,147,930,1316,Walking
5,1/19/2018 18:04,180,731,873,Walking
6,1/19/2018 18:05,412,1164,1313,Walking
7,1/19/2018 18:06,87,819,626,Walking
8,1/19/2018 18:07,96,249,575,Walking
9,1/19/2018 18:08,105,400,916,Walking
10,1/19/2018 18:09,223,685,1011,Walking
11,1/19/2018 18:10,20,107,289,Walking
12,1/19/2018 18:11,332,817,1105,Walking
13,1/19/2018 18:12,0,417,273,Walking
14,1/19/2018 18:13,0,257,438,Walking
15,1/19/2018 18:14,5,326,562,Walking
16,1/19/2018 18:15,8,141,211,Walking
17,1/19/2018 18:16,0,168,359,Walking
18,1/19/2018 18:17,19,349,678,Walking
19,1/19/2018 18:18,63,271,752,Walking
20,1/19/2018 18:19,4,238,472,Walking
21,1/19/2018 18:20,151,704,1272,Walking
22,1/19/2018 18:21,592,1750,2023,Walking
23,1/19/2018 18:22,194,921,989,Walking
24,1/19/2018 18:23,0,74,0,Walking
25,1/19/2018 18:24,0,133,53,Walking
26,1/19/2018 18:25,0,0,0,Sitting
27,1/19/2018 18:26,18,127,159,Walking
28,1/19/2018 18:27,61,319,504,Walking
29,1/19/2018 18:28,0,0,1,Sitting
30,1/19/2018 18:29,0,0,24,Sitting
31,1/19/2018 18:30,0,0,5,Sitting
32,1/19/2018 18:31,0,0,0,Sitting
33,1/19/2018 18:32,0,0,11,Sitting
34,1/19/2018 18:33,0,44,9,Sitting
35,1/19/2018 18:34,0,23,8,Sitting
36,1/19/2018 18:35,0,0,0,Sitting
37,1/19/2018 18:36,0,0,29,Sitting
38,1/19/2018 18:37,0,0,6,Sitting
39,1/19/2018 18:38,0,1,0,Sitting
40,1/19/2018 18:39,0,0,11,Sitting
41,1/19/2018 18:40,0,0,0,Sitting
42,1/19/2018 18:41,0,0,19,Sitting
43,1/19/2018 18:42,0,0,29,Sitting
44,1/19/2018 18:43,0,0,13,Sitting
45,1/19/2018 18:44,55,162,267,Walking
46,1/19/2018 18:45,47,441,785,Walking
47,1/19/2018 18:46,0,116,90,Walking
48,1/19/2018 18:47,454,1410,1220,Walking
49,1/19/2018 18:48,0,141,84,Walking
50,1/19/2018 18:49,177,1334,1154,Walking
51,1/19/2018 18:50,93,720,605,Walking
52,1/19/2018 18:51,64,223,708,Walking
53,1/19/2018 18:52,15,212,433,Walking
54,1/19/2018 18:53,30,212,605,Walking
55,1/19/2018 18:54,114,1035,1816,Walking
56,1/19/2018 18:55,10,147,320,Walking
57,1/19/2018 18:56,653,1292,1366,Walking
58,1/19/2018 18:57,922,1803,1814,Running
59,1/19/2018 18:58,49,469,540,Walking
60,1/19/2018 18:59,516,2126,1607,Walking
61,1/19/2018 19:00,927,2020,1823,Running
62,1/19/2018 19:01,282,1076,973,Walking
63,1/19/2018 19:02,57,887,832,Walking
64,1/19/2018 19:03,2122,2197,2338,Running
65,1/19/2018 19:04,163,960,1543,Walking
66,1/19/2018 19:05,396,1312,1170,Walking
67,1/19/2018 19:06,825,2012,1728,Walking
68,1/19/2018 19:07,252,1249,1147,Walking
69,1/19/2018 19:08,0,30,72,Walking
70,1/19/2018 19:09,354,888,1165,Walking
71,1/19/2018 19:10,467,1574,1714,Walking
72,1/19/2018 19:11,1716,2563,1591,Running
73,1/19/2018 19:12,99,314,565,Walking
74,1/19/2018 19:13,437,1186,1422,Walking
75,1/19/2018 19:14,131,628,567,Walking
76,1/19/2018 19:15,168,1079,1678,Walking
77,1/19/2018 19:16,179,587,905,Walking
78,1/19/2018 19:17,23,53,98,Walking
79,1/19/2018 19:18,0,0,0,Sitting
80,1/19/2018 19:19,0,0,2,Sitting
81,1/19/2018 19:20,0,0,29,Sitting
82,1/19/2018 19:21,0,0,0,Sitting
83,1/19/2018 19:22,0,0,0,Sitting
84,1/19/2018 19:23,0,0,0,Sitting
85,1/19/2018 19:24,0,0,0,Sitting
86,1/19/2018 19:25,26,35,4,Sitting
87,1/19/2018 19:26,36,21,17,Sitting
88,1/19/2018 19:27,21,29,16,Sitting
89,1/19/2018 19:28,0,0,11,Sitting
90,1/19/2018 19:29,0,0,0,Sitting
91,1/19/2018 19:30,0,0,0,Sitting
92,1/19/2018 19:31,0,0,0,Sitting
93,1/19/2018 19:32,0,0,0,Sitting
94,1/19/2018 19:33,0,0,0,Sitting
95,1/19/2018 19:34,0,0,0,Sitting
96,1/19/2018 19:35,0,0,0,Sitting
97,1/19/2018 19:36,0,0,0,Sitting
98,1/19/2018 19:37,0,0,0,Sitting
99,1/19/2018 19:38,0,0,0,Sitting
100,1/19/2018 19:39,0,0,0,Sitting
101,1/19/2018 19:40,0,0,0,Sitting
102,1/19/2018 19:41,174,496,206,Walking
103,1/19/2018 19:42,29,43,160,Walking
104,1/19/2018 21:24,618,699,648,Walking
105,1/19/2018 21:25,308,1385,1280,Walking
106,1/19/2018 21:26,940,1085,1166,Running
107,1/19/2018 21:27,746,1835,1885,Walking
108,1/19/2018 21:28,734,1529,1486,Walking
109,1/19/2018 21:29,512,1740,1901,Walking
110,1/19/2018 21:30,1064,1806,1584,Running
111,1/19/2018 21:31,746,1379,1810,Walking
112,1/19/2018 21:32,121,811,970,Walking
113,1/19/2018 21:33,98,583,725,Walking
114,1/19/2018 21:34,77,663,810,Walking
115,1/19/2018 21:35,13,207,312,Walking
116,1/19/2018 21:36,206,746,1482,Walking
117,1/19/2018 21:37,123,992,1351,Walking
118,1/19/2018 21:38,74,301,526,Walking
119,1/19/2018 21:39,285,818,1181,Walking
120,1/19/2018 21:40,1168,1959,1996,Running
121,1/19/2018 21:41,370,1224,1405,Walking
122,1/19/2018 21:42,456,1483,1486,Walking
123,1/19/2018 21:43,427,1418,1219,Walking
124,1/19/2018 21:44,69,135,136,Walking
125,1/19/2018 21:45,389,1327,1235,Walking
126,1/19/2018 21:46,197,743,858,Walking
127,1/19/2018 21:47,572,1514,1355,Walking
128,1/20/2018 6:36,26,0,23,Sitting
129,1/20/2018 6:37,278,842,1050,Walking
130,1/20/2018 6:38,338,1053,951,Walking
131,1/20/2018 6:39,79,138,334,Walking
132,1/20/2018 6:40,0,0,0,Sitting
133,1/20/2018 6:41,0,0,0,Sitting
134,1/20/2018 6:42,35,0,2,Sitting
135,1/20/2018 6:43,14,15,149,Walking
136,1/20/2018 6:44,0,0,0,Sitting
137,1/20/2018 6:45,0,0,0,Sitting
138,1/20/2018 6:46,0,0,0,Sitting
139,1/20/2018 6:47,0,0,0,Sitting
140,1/20/2018 6:48,0,0,0,Sitting
141,1/20/2018 6:49,0,0,0,Sitting
142,1/20/2018 6:50,0,30,28,Sitting
143,1/20/2018 6:51,0,0,0,Sitting
144,1/20/2018 6:52,0,0,0,Sitting
145,1/20/2018 6:53,0,0,0,Sitting
146,1/20/2018 6:54,11,22,0,Sitting
147,1/20/2018 6:55,0,0,0,Sitting
148,1/20/2018 6:56,0,0,0,Sitting
149,1/20/2018 6:57,0,0,0,Sitting
150,1/20/2018 6:58,0,0,0,Sitting
151,1/20/2018 6:59,525,444,532,Walking
152,1/20/2018 8:00,15,0,9,Sitting
153,1/20/2018 8:01,63,59,94,Walking
154,1/20/2018 8:02,300,286,404,Walking
155,1/20/2018 8:03,0,0,0,Sitting
156,1/20/2018 8:04,0,26,0,Sitting
157,1/20/2018 8:05,0,0,0,Sitting
158,1/20/2018 8:06,0,30,0,Sitting
159,1/20/2018 8:07,0,69,15,Walking
160,1/20/2018 8:08,962,1569,1667,Running
161,1/20/2018 8:09,760,1628,2032,Walking
162,1/20/2018 8:10,114,477,417,Walking
163,1/20/2018 8:11,0,140,0,Walking
164,1/20/2018 8:12,359,825,734,Walking
165,1/20/2018 8:13,849,924,1982,Walking
166,1/20/2018 8:14,934,893,1253,Running
167,1/20/2018 8:15,170,737,1062,Walking
168,1/20/2018 8:16,753,827,1400,Walking
169,1/20/2018 8:17,5,146,449,Walking
170,1/20/2018 8:18,1173,1443,2546,Running
171,1/20/2018 8:19,775,927,2166,Walking
172,1/20/2018 8:20,299,950,1490,Walking
173,1/20/2018 8:21,724,1232,2244,Walking
174,1/20/2018 8:22,1525,1535,2765,Running
175,1/20/2018 8:23,930,1316,2235,Running
176,1/20/2018 8:24,1339,1965,2030,Running
177,1/20/2018 8:25,1371,1883,2310,Running
178,1/20/2018 8:26,646,1187,2188,Walking
179,1/20/2018 8:27,838,1034,1564,Walking
180,1/20/2018 8:28,93,246,757,Walking
181,1/20/2018 8:29,264,491,935,Walking
182,1/20/2018 8:30,519,697,890,Walking
183,1/20/2018 8:31,542,989,1652,Walking
184,1/20/2018 8:32,356,872,1577,Walking
185,1/20/2018 8:33,234,577,788,Walking
186,1/20/2018 8:34,317,753,1314,Walking
187,1/20/2018 8:35,50,298,396,Walking
188,1/20/2018 8:36,371,420,662,Walking
189,1/20/2018 8:37,396,1051,1383,Walking
190,1/20/2018 8:38,73,388,509,Walking
191,1/20/2018 8:39,0,12,0,Sitting
192,1/20/2018 8:40,0,7,0,Sitting
193,1/20/2018 8:41,0,69,0,Walking
194,1/20/2018 8:42,0,14,0,Sitting
195,1/20/2018 8:43,122,633,958,Walking
196,1/20/2018 8:44,265,577,965,Walking
197,1/20/2018 8:45,0,90,315,Walking
198,1/20/2018 8:46,80,578,945,Walking
199,1/20/2018 8:47,79,337,757,Walking
200,1/20/2018 8:48,5,286,527,Walking
201,1/20/2018 8:49,18,367,602,Walking
202,1/20/2018 8:50,0,154,484,Walking
203,1/20/2018 8:51,8,211,595,Walking
204,1/20/2018 8:52,117,607,1391,Walking
205,1/20/2018 8:53,180,494,1022,Walking
206,1/20/2018 8:54,63,430,917,Walking
207,1/20/2018 8:55,75,245,536,Walking
208,1/20/2018 8:56,33,135,389,Walking
209,1/20/2018 8:57,259,503,1198,Walking
210,1/20/2018 8:58,82,341,1068,Walking
211,1/20/2018 8:59,73,390,979,Walking
212,1/20/2018 9:00,488,899,1087,Walking
213,1/20/2018 9:01,130,175,199,Walking
214,1/20/2018 9:02,721,724,922,Walking
215,1/20/2018 9:03,200,594,1085,Walking
216,1/20/2018 9:04,5,38,150,Walking
217,1/20/2018 9:05,0,90,246,Walking
218,1/20/2018 9:06,99,414,685,Walking
219,1/20/2018 9:07,0,31,183,Walking
220,1/20/2018 9:08,324,607,1008,Walking
221,1/20/2018 9:09,0,141,140,Walking
222,1/20/2018 9:10,8,156,285,Walking
223,1/20/2018 9:11,0,161,366,Walking
224,1/20/2018 9:12,0,106,416,Walking
225,1/20/2018 9:13,2,74,279,Walking
226,1/20/2018 9:14,205,416,642,Walking
227,1/20/2018 9:15,34,281,663,Walking
228,1/20/2018 9:16,314,757,1090,Walking
229,1/20/2018 9:17,72,551,1081,Walking
230,1/20/2018 9:18,0,414,104,Walking
231,1/20/2018 9:19,2,167,326,Walking
232,1/20/2018 9:20,60,478,723,Walking
233,1/20/2018 9:21,1513,2234,1536,Running
234,1/20/2018 9:22,579,951,1244,Walking
235,1/20/2018 9:23,494,786,1284,Walking
236,1/20/2018 9:24,814,1351,1775,Walking
237,1/20/2018 9:25,1164,1347,2007,Running
238,1/20/2018 9:26,607,1092,1271,Walking
239,1/20/2018 9:27,47,223,253,Walking
240,1/20/2018 9:28,194,402,590,Walking
241,1/20/2018 9:29,799,1089,1280,Walking
242,1/20/2018 9:30,600,836,1543,Walking
243,1/20/2018 9:31,338,955,1615,Walking
244,1/20/2018 9:32,497,1000,1410,Walking
245,1/20/2018 9:33,438,1057,1685,Walking
246,1/20/2018 9:34,843,1355,2120,Walking
247,1/20/2018 9:35,379,582,1486,Walking
248,1/20/2018 9:36,398,746,1559,Walking
249,1/20/2018 9:37,1033,898,1207,Running
250,1/20/2018 9:38,257,419,968,Walking
251,1/20/2018 9:39,980,1085,1729,Running
252,1/20/2018 9:40,78,152,100,Walking
253,1/20/2018 9:41,0,0,0,Sitting
254,1/20/2018 9:42,297,419,194,Walking
255,1/20/2018 9:43,5,47,84,Walking
256,1/20/2018 9:44,0,0,0,Sitting
257,1/20/2018 9:45,0,0,0,Sitting
258,1/20/2018 9:46,0,0,0,Sitting
259,1/20/2018 9:47,28,231,263,Walking
260,1/20/2018 9:48,1049,1165,1416,Running
261,1/20/2018 9:49,17,241,619,Walking
262,1/20/2018 9:50,1650,1357,2081,Running
263,1/20/2018 9:51,725,1298,1546,Walking
264,1/20/2018 9:52,833,1250,1119,Walking
265,1/20/2018 9:53,14,176,374,Walking
266,1/20/2018 9:54,806,1328,2003,Walking
267,1/20/2018 9:55,1101,1516,1685,Walking
268,1/20/2018 9:56,2297,1916,2564,Walking
269,1/20/2018 9:57,487,727,1199,Walking
270,1/20/2018 9:58,34,76,172,Riding Bike
271,1/20/2018 9:59,0,48,82,Riding Bike
272,1/20/2018 10:00,23,15,38,Riding Bike
273,1/20/2018 10:01,65,18,183,Riding Bike
274,1/20/2018 10:02,41,23,108,Riding Bike
275,1/20/2018 10:03,16,11,50,Riding Bike
276,1/20/2018 10:04,36,66,223,Riding Bike
277,1/20/2018 10:05,833,901,1107,Walking
278,1/20/2018 10:06,2305,1638,2152,Running
279,1/20/2018 10:07,149,707,1047,Walking
280,1/20/2018 10:08,7,45,409,Walking
281,1/20/2018 10:09,199,432,815,Walking
282,1/20/2018 10:10,1088,908,1638,Running
283,1/20/2018 10:11,187,262,333,Walking
284,1/20/2018 10:12,2224,930,3358,Running
285,1/20/2018 10:13,3489,1221,1186,Running
286,1/20/2018 10:14,6260,1789,887,Running
287,1/20/2018 10:15,6093,1479,973,Running
288,1/20/2018 10:16,5949,1356,911,Running
289,1/20/2018 10:17,5896,1361,911,Running
290,1/20/2018 10:18,6116,1213,984,Running
291,1/20/2018 10:19,5332,1318,2039,Running
292,1/20/2018 10:20,6573,1090,1245,Running
293,1/20/2018 10:21,5391,659,1470,Running
294,1/20/2018 10:22,6431,945,1050,Running
295,1/20/2018 10:23,5340,795,954,Running
296,1/20/2018 10:24,5889,916,977,Running
297,1/20/2018 10:25,6417,880,1017,Running
298,1/20/2018 10:26,1454,1657,1099,Running
299,1/20/2018 10:27,910,1541,1287,Running
300,1/20/2018 10:28,569,1445,1237,Walking
301,1/20/2018 10:29,518,902,522,Walking
302,1/20/2018 10:30,1125,449,1609,Running
303,1/20/2018 10:31,515,780,479,Walking
304,1/20/2018 10:32,0,0,0,Sitting
305,1/20/2018 10:33,0,0,0,Sitting
306,1/20/2018 10:34,0,0,0,Sitting
307,1/20/2018 10:35,0,0,0,Sitting
308,1/20/2018 10:36,0,0,0,Sitting
309,1/20/2018 10:37,0,0,0,Sitting
310,1/20/2018 10:38,0,0,0,Sitting
311,1/20/2018 10:39,0,0,0,Sitting
312,1/20/2018 10:40,0,0,0,Sitting
313,1/20/2018 10:41,0,0,0,Sitting
314,1/20/2018 10:42,0,0,0,Sitting
315,1/20/2018 10:43,0,0,0,Sitting
316,1/20/2018 10:44,0,3,0,Sitting
317,1/20/2018 10:45,0,0,0,Sitting
318,1/20/2018 10:46,121,5,110,Walking
319,1/20/2018 10:47,0,0,0,Sitting
320,1/20/2018 10:48,0,0,0,Sitting
321,1/20/2018 10:49,0,0,0,Sitting
322,1/20/2018 10:50,0,0,0,Sitting
323,1/20/2018 10:51,0,0,0,Sitting
324,1/20/2018 10:52,115,372,287,Riding Bike
325,1/20/2018 10:53,1698,1427,1234,Riding Bike
326,1/20/2018 10:54,3126,1696,1064,Riding Bike
327,1/20/2018 10:55,804,625,622,Riding Bike
328,1/20/2018 10:56,40,26,32,Riding Bike
329,1/20/2018 10:57,2,32,52,Riding Bike
330,1/20/2018 10:58,7,0,15,Riding Bike
331,1/20/2018 10:59,11,6,68,Riding Bike
332,1/20/2018 11:00,2036,1398,936,Riding Bike
333,1/20/2018 11:01,1739,1335,927,Riding Bike
334,1/20/2018 11:02,1199,1293,808,Riding Bike
335,1/20/2018 11:03,944,1375,899,Riding Bike
336,1/20/2018 11:04,2,347,167,Walking
337,1/20/2018 11:05,13,381,215,Walking
338,1/20/2018 11:06,297,902,554,Walking
339,1/20/2018 11:07,683,1065,832,Walking
340,1/20/2018 11:08,806,1305,843,Walking
341,1/20/2018 11:09,1590,1269,925,Running
342,1/20/2018 11:10,78,365,294,Walking
343,1/20/2018 11:11,674,544,552,Walking
344,1/20/2018 11:12,1724,1279,869,Running
345,1/20/2018 11:13,1470,1102,1127,Running
346,1/20/2018 11:14,763,629,511,Walking
347,1/20/2018 11:15,25,57,139,Walking
348,1/20/2018 11:16,202,449,267,Walking
349,1/20/2018 11:17,103,256,464,Walking
350,1/20/2018 11:18,113,302,359,Walking
351,1/20/2018 11:19,357,495,649,Walking
352,1/20/2018 11:20,19,61,80,Walking
353,1/20/2018 11:21,35,48,315,Walking
354,1/20/2018 11:22,284,422,161,Walking
355,1/20/2018 11:23,979,1169,1490,Running
356,1/20/2018 11:24,740,1488,1076,Walking
357,1/20/2018 11:25,846,1264,1549,Walking
358,1/20/2018 11:26,295,1159,1004,Walking
359,1/20/2018 11:27,217,682,622,Walking
360,1/20/2018 11:28,528,1030,1006,Walking
361,1/20/2018 11:29,922,1501,940,Running
362,1/20/2018 11:30,82,579,536,Walking
363,1/20/2018 11:31,380,1344,1112,Walking
364,1/20/2018 11:32,738,1280,1192,Walking
365,1/20/2018 11:33,540,1467,873,Walking
366,1/20/2018 11:34,267,906,656,Walking
367,1/20/2018 11:35,0,324,224,Walking
368,1/20/2018 11:36,79,324,326,Walking
369,1/20/2018 11:37,75,600,639,Walking
370,1/20/2018 11:38,165,146,200,Walking
371,1/20/2018 11:39,103,455,539,Walking
372,1/20/2018 11:40,508,918,679,Walking
373,1/20/2018 11:41,0,312,221,Walking
374,1/20/2018 11:42,14,333,433,Walking
375,1/20/2018 11:43,255,630,529,Walking
376,1/20/2018 11:44,608,1280,1391,Walking
377,1/20/2018 11:45,124,655,701,Walking
378,1/20/2018 11:46,218,753,797,Walking
379,1/20/2018 11:47,178,948,859,Walking
380,1/20/2018 11:48,114,513,917,Walking
381,1/20/2018 11:49,158,801,928,Walking
382,1/20/2018 11:50,74,708,307,Walking
383,1/20/2018 11:51,222,884,594,Walking
384,1/20/2018 11:52,518,1120,1034,Walking
385,1/20/2018 11:53,1981,2167,2722,Running
386,1/20/2018 11:54,1,0,0,Sitting
387,1/20/2018 14:51,855,967,1091,Running
388,1/20/2018 14:52,1008,1221,1960,Running
389,1/20/2018 14:53,755,1097,916,Walking
390,1/20/2018 14:54,189,541,762,Walking
391,1/20/2018 14:55,376,506,566,Walking
392,1/20/2018 14:56,106,179,163,Walking
393,1/20/2018 14:57,10,50,13,Walking
394,1/20/2018 14:58,0,29,0,Sitting
395,1/20/2018 14:59,19,69,0,Walking
396,1/20/2018 15:00,154,140,62,Walking
397,1/20/2018 15:01,0,0,0,Sitting
398,1/20/2018 15:02,0,0,0,Sitting
399,1/20/2018 15:03,546,571,1091,Walking
400,1/20/2018 15:04,6,7,8,Sitting
401,1/20/2018 15:05,17,0,21,Sitting
402,1/20/2018 15:06,67,13,134,Walking
403,1/20/2018 15:07,508,882,1198,Walking
404,1/20/2018 15:08,799,1137,1477,Walking
405,1/20/2018 15:09,795,1090,1272,Walking
406,1/20/2018 15:10,452,602,731,Walking
407,1/20/2018 15:11,376,474,792,Walking
408,1/20/2018 15:12,843,818,928,Walking
409,1/20/2018 15:13,1977,760,1363,Running
410,1/20/2018 15:14,109,413,277,Walking
411,1/20/2018 15:15,927,1031,1121,Running
412,1/20/2018 15:16,77,647,613,Walking
413,1/20/2018 15:17,368,515,760,Walking
414,1/20/2018 15:18,1119,646,1249,Running
415,1/20/2018 15:19,1206,704,1013,Running
416,1/20/2018 15:20,327,299,462,Walking
417,1/20/2018 15:21,584,416,770,Walking
418,1/20/2018 15:22,231,751,1080,Walking
419,1/20/2018 15:23,520,927,1099,Walking
420,1/20/2018 15:24,1177,869,1002,Riding Bike
421,1/20/2018 15:25,1926,353,404,Riding Bike
422,1/20/2018 15:26,1794,1201,1231,Riding Bike
423,1/20/2018 15:27,2602,2146,1779,Riding Bike
424,1/20/2018 15:28,2666,2282,2244,Riding Bike
425,1/20/2018 15:29,2219,1830,1420,Riding Bike
426,1/20/2018 15:30,914,1396,1031,Riding Bike
427,1/20/2018 15:31,735,388,433,Walking
428,1/20/2018 15:32,1130,1295,836,Riding Bike
429,1/20/2018 15:33,1718,1153,1169,Riding Bike
430,1/20/2018 15:34,1565,1166,1584,Riding Bike
431,1/20/2018 15:35,2913,1373,1611,Riding Bike
432,1/20/2018 15:36,2181,1759,2141,Riding Bike
433,1/20/2018 15:37,1396,1155,1092,Riding Bike
434,1/20/2018 15:38,1632,521,395,Riding Bike
435,1/20/2018 15:39,1549,666,742,Riding Bike
436,1/20/2018 15:40,502,790,1174,Riding Bike
437,1/20/2018 15:41,888,505,856,Riding Bike
438,1/20/2018 15:42,1015,1349,1747,Riding Bike
439,1/20/2018 15:43,712,1032,1610,Walking
440,1/20/2018 15:44,974,821,1202,Walking
441,1/20/2018 15:45,740,1422,1308,Walking
442,1/20/2018 15:46,697,953,1846,Walking
443,1/20/2018 15:47,350,841,1632,Walking
444,1/20/2018 15:48,441,1139,1255,Walking
445,1/20/2018 15:49,326,1073,1345,Walking
446,1/20/2018 15:50,625,951,1130,Walking
447,1/20/2018 15:51,353,762,1041,Walking
448,1/20/2018 15:52,835,1442,1917,Walking
449,1/20/2018 15:53,904,1085,1215,Running
450,1/20/2018 15:54,1194,920,791,Running
451,1/20/2018 15:55,338,1015,1102,Walking
452,1/20/2018 15:56,810,1316,1402,Walking
453,1/20/2018 15:57,1242,1496,1504,Running
454,1/20/2018 15:58,468,916,1992,Walking
455,1/20/2018 15:59,754,1623,1494,Walking
456,1/20/2018 16:00,910,893,662,Running
457,1/20/2018 16:01,1166,699,916,Running
458,1/20/2018 16:02,1841,1503,2043,Running
459,1/20/2018 16:03,1823,546,1140,Running
460,1/20/2018 16:04,769,890,1544,Walking
461,1/20/2018 16:05,35,43,142,Walking
462,1/20/2018 16:06,0,0,0,Sitting
463,1/20/2018 16:07,449,603,841,Walking
464,1/20/2018 16:08,606,1046,1216,Walking
465,1/20/2018 16:09,0,0,0,Sitting
466,1/20/2018 16:10,5,0,20,Sitting
467,1/20/2018 16:11,720,900,934,Walking
468,1/20/2018 16:12,483,763,703,Walking
469,1/20/2018 16:13,0,0,0,Sitting
470,1/20/2018 16:14,643,775,776,Walking
471,1/20/2018 16:15,521,700,1214,Walking
472,1/20/2018 16:16,0,0,0,Sitting
473,1/20/2018 16:17,0,0,0,Sitting
474,1/20/2018 16:18,0,0,0,Sitting
475,1/20/2018 16:19,0,0,0,Sitting
476,1/20/2018 16:20,0,0,0,Sitting
477,1/20/2018 16:21,0,0,0,Sitting
478,1/20/2018 16:22,0,0,0,Sitting
479,1/20/2018 16:23,1087,955,1110,Running
480,1/20/2018 16:24,1251,1219,1634,Running
481,1/20/2018 16:25,0,0,0,Sitting
482,1/20/2018 16:26,0,0,0,Sitting
483,1/20/2018 16:27,9,0,2,Sitting
484,1/20/2018 16:28,0,0,0,Sitting
485,1/20/2018 16:29,0,0,0,Sitting
486,1/20/2018 16:30,5,0,0,Sitting
487,1/20/2018 16:31,0,0,0,Sitting
488,1/20/2018 16:32,0,0,0,Sitting
489,1/20/2018 16:33,0,0,0,Sitting
490,1/20/2018 16:34,0,0,0,Sitting
491,1/20/2018 16:35,0,0,0,Sitting
492,1/20/2018 16:36,16,21,0,Sitting
493,1/20/2018 16:37,0,0,0,Sitting
494,1/20/2018 16:38,0,0,0,Sitting
495,1/20/2018 16:39,0,0,0,Sitting
496,1/20/2018 16:40,0,0,0,Sitting
497,1/20/2018 16:41,0,0,0,Sitting
498,1/20/2018 16:42,0,0,0,Sitting
499,1/20/2018 16:43,0,0,0,Sitting
500,1/20/2018 16:44,272,289,267,Walking
501,1/20/2018 16:45,0,0,0,Sitting
502,1/20/2018 16:46,0,0,0,Sitting
503,1/20/2018 16:47,0,0,0,Sitting
504,1/20/2018 16:48,11,54,2,Walking
505,1/20/2018 16:49,0,0,0,Sitting
506,1/20/2018 16:50,0,0,0,Sitting
507,1/20/2018 16:51,0,0,0,Sitting
508,1/20/2018 16:52,0,0,0,Sitting
509,1/20/2018 16:53,0,0,0,Sitting
510,1/20/2018 16:54,0,0,0,Sitting
511,1/20/2018 16:55,196,199,322,Walking
512,1/20/2018 16:56,0,0,0,Sitting
513,1/20/2018 16:57,296,414,553,Walking
514,1/20/2018 16:58,0,4,10,Sitting
515,1/20/2018 16:59,41,503,352,Walking
516,1/20/2018 17:00,964,1045,1161,Running
517,1/20/2018 17:01,1262,1300,1653,Running
518,1/20/2018 17:02,2224,1305,1564,Running
519,1/20/2018 17:03,2023,1184,2245,Running
520,1/20/2018 17:04,0,0,0,Sitting
521,1/20/2018 17:05,0,0,0,Sitting
522,1/20/2018 17:06,0,0,0,Sitting
523,1/20/2018 17:07,0,0,0,Sitting
524,1/20/2018 17:08,0,0,0,Sitting
525,1/20/2018 17:09,0,0,0,Sitting
526,1/20/2018 17:10,0,0,0,Sitting
527,1/20/2018 17:11,0,0,0,Sitting
528,1/20/2018 17:12,0,0,0,Sitting
529,1/20/2018 17:13,0,0,0,Sitting
530,1/20/2018 17:14,0,0,0,Sitting
531,1/20/2018 17:15,0,0,0,Sitting
532,1/20/2018 17:16,0,0,0,Sitting
533,1/20/2018 17:17,0,0,0,Sitting
534,1/20/2018 17:18,739,795,1177,Walking
535,1/20/2018 17:19,965,1107,1301,Running
536,1/20/2018 17:20,282,905,1016,Walking
537,1/20/2018 17:21,0,15,0,Sitting
538,1/20/2018 17:22,14,287,412,Walking
539,1/20/2018 17:23,18,367,502,Walking
540,1/20/2018 17:24,152,500,900,Walking
541,1/20/2018 17:25,0,4,13,Sitting
542,1/20/2018 17:26,86,597,765,Walking
543,1/20/2018 17:27,479,1028,1152,Walking
544,1/20/2018 17:28,293,1063,1585,Walking
545,1/20/2018 17:29,76,369,521,Walking
546,1/20/2018 17:30,30,136,140,Walking
547,1/20/2018 17:31,637,1274,2036,Walking
548,1/20/2018 17:32,45,280,785,Walking
549,1/20/2018 17:33,2765,2237,4080,Running
550,1/20/2018 17:34,102,515,767,Walking
551,1/20/2018 17:35,302,1194,1633,Walking
552,1/20/2018 17:36,488,676,1263,Walking
553,1/20/2018 17:37,0,0,0,Sitting
554,1/20/2018 17:38,8,146,209,Riding Bike
555,1/20/2018 17:39,174,696,855,Riding Bike
556,1/20/2018 17:40,287,550,894,Riding Bike
557,1/20/2018 17:41,1474,1313,1739,Riding Bike
558,1/20/2018 17:42,863,1123,1761,Riding Bike
559,1/20/2018 17:43,389,887,1461,Riding Bike
560,1/20/2018 17:44,22,14,93,Riding Bike
561,1/20/2018 17:45,64,49,180,Riding Bike
562,1/20/2018 17:46,7,0,0,Riding Bike
563,1/20/2018 17:47,20,46,16,Riding Bike
564,1/20/2018 17:48,5,0,0,Riding Bike
565,1/20/2018 17:49,0,11,0,Riding Bike
566,1/20/2018 17:50,38,75,135,Riding Bike
567,1/20/2018 17:51,453,754,1048,Riding Bike
568,1/20/2018 17:52,2553,1697,1593,Riding Bike
569,1/20/2018 17:53,2247,1170,1483,Riding Bike
570,1/20/2018 17:54,485,724,1344,Riding Bike
571,1/20/2018 17:55,214,678,1246,Riding Bike
572,1/20/2018 17:56,13,114,316,Walking
573,1/20/2018 17:57,94,348,701,Walking
574,1/20/2018 17:58,102,237,410,Walking
575,1/20/2018 17:59,251,508,742,Walking
576,1/20/2018 18:00,638,1341,1630,Walking
577,1/20/2018 18:01,881,1358,1354,Running
578,1/20/2018 18:02,11,235,476,Walking
579,1/20/2018 18:03,2,115,196,Walking
580,1/20/2018 18:04,1,254,312,Walking
581,1/20/2018 18:05,0,136,412,Walking
582,1/20/2018 18:06,0,119,290,Walking
583,1/20/2018 18:07,0,0,47,Sitting
584,1/20/2018 18:08,10,334,407,Walking
585,1/20/2018 18:09,0,79,102,Walking
586,1/20/2018 18:10,546,773,964,Walking
587,1/20/2018 18:11,1605,1413,1327,Running
588,1/20/2018 18:12,326,636,781,Walking
589,1/20/2018 18:13,7,361,695,Walking
590,1/20/2018 18:14,4,43,496,Walking
591,1/20/2018 18:15,83,550,1408,Walking
592,1/20/2018 18:16,256,640,1230,Walking
593,1/20/2018 18:17,0,0,71,Walking
594,1/20/2018 18:18,0,0,0,Sitting
595,1/20/2018 18:19,0,0,0,Sitting
596,1/20/2018 18:20,0,137,54,Walking
597,1/20/2018 18:21,0,0,0,Sitting
598,1/20/2018 18:22,0,0,0,Sitting
599,1/20/2018 18:23,0,0,0,Sitting
600,1/20/2018 18:24,0,0,0,Sitting
601,1/20/2018 18:25,0,0,0,Sitting
602,1/20/2018 18:26,0,0,0,Sitting
603,1/20/2018 18:27,0,0,0,Sitting
604,1/20/2018 18:28,958,842,870,Walking
605,1/20/2018 18:29,1785,1453,980,Running
606,1/20/2018 18:30,521,1104,1767,Walking
607,1/20/2018 18:31,112,765,1268,Walking
608,1/20/2018 18:32,711,1548,1541,Walking
609,1/20/2018 18:33,88,1084,1158,Walking
610,1/20/2018 18:34,69,371,655,Walking
611,1/20/2018 18:35,24,699,1239,Walking
612,1/20/2018 18:36,8,1217,1120,Walking
613,1/20/2018 18:37,41,972,1122,Walking
614,1/20/2018 18:38,1,781,1048,Walking
615,1/20/2018 18:39,121,1851,1584,Walking
616,1/20/2018 18:40,85,644,1144,Walking
617,1/20/2018 18:41,403,1359,1738,Walking
618,1/20/2018 18:42,1252,1111,1794,Running
619,1/20/2018 18:43,1526,2131,2393,Running
620,1/20/2018 18:44,466,820,924,Walking
621,1/20/2018 18:45,454,1294,1341,Walking
622,1/20/2018 18:46,576,1414,1837,Walking
623,1/20/2018 18:47,1409,1368,1311,Running
624,1/20/2018 18:48,178,765,1279,Walking
625,1/20/2018 18:49,872,1199,1338,Running
626,1/20/2018 18:50,2691,1723,1090,Running
627,1/20/2018 18:51,1488,1995,1331,Running
628,1/20/2018 18:52,1680,2811,2023,Running
629,1/20/2018 18:53,2092,1472,1414,Running
630,1/20/2018 18:54,1760,1203,858,Running
631,1/20/2018 18:55,534,1187,2093,Walking
632,1/20/2018 18:56,342,1025,1196,Walking
633,1/20/2018 18:57,923,1196,1300,Running
634,1/20/2018 18:58,100,1492,1316,Walking
635,1/20/2018 18:59,152,976,1146,Walking
636,1/20/2018 19:00,506,1160,1626,Walking
637,1/20/2018 19:01,51,1042,1377,Walking
638,1/20/2018 19:02,109,1012,433,Walking
639,1/20/2018 19:03,97,2100,1670,Walking
640,1/20/2018 19:04,7,370,504,Walking
641,1/20/2018 19:05,0,543,283,Walking
642,1/20/2018 19:06,2,492,821,Walking
643,1/20/2018 19:07,0,132,315,Walking
644,1/20/2018 19:08,445,1545,1525,Walking
645,1/20/2018 19:09,84,746,1133,Walking
646,1/20/2018 19:10,72,834,1063,Walking
647,1/20/2018 19:11,1,612,981,Walking
648,1/20/2018 19:12,41,713,787,Walking
649,1/20/2018 19:13,619,2189,2949,Walking
650,1/20/2018 19:14,242,805,1545,Walking
651,1/20/2018 19:15,1205,2076,1430,Running
652,1/20/2018 19:16,36,890,691,Walking
653,1/20/2018 19:17,177,619,263,Walking
654,1/20/2018 19:18,198,947,680,Walking
655,1/20/2018 19:19,259,707,647,Walking
656,1/20/2018 19:20,37,324,473,Walking
657,1/20/2018 19:21,36,232,341,Walking
658,1/20/2018 19:22,914,1644,1629,Running
659,1/20/2018 19:23,375,1547,1628,Walking
660,1/20/2018 19:24,606,1512,3546,Walking
661,1/20/2018 19:25,29,838,820,Walking
662,1/20/2018 19:26,212,413,633,Walking
663,1/20/2018 19:27,1101,1105,678,Riding Bike
664,1/20/2018 19:28,1990,1448,1052,Riding Bike
665,1/20/2018 19:29,118,566,768,Riding Bike
666,1/20/2018 19:30,610,875,994,Riding Bike
667,1/20/2018 19:31,1850,1699,1155,Riding Bike
668,1/20/2018 19:32,2004,1233,1137,Riding Bike
669,1/20/2018 19:33,266,286,816,Riding Bike
670,1/20/2018 19:34,4,28,0,Riding Bike
671,1/20/2018 19:35,12,62,0,Riding Bike
672,1/20/2018 19:36,0,0,0,Riding Bike
673,1/20/2018 19:37,31,24,4,Riding Bike
674,1/20/2018 19:38,5,23,59,Riding Bike
675,1/20/2018 19:39,0,21,74,Riding Bike
676,1/20/2018 19:40,8,15,53,Riding Bike
677,1/20/2018 19:41,65,28,201,Riding Bike
678,1/20/2018 19:42,291,874,1007,Riding Bike
679,1/20/2018 19:43,821,1104,1428,Riding Bike
680,1/20/2018 19:44,388,1006,664,Riding Bike
681,1/20/2018 19:45,377,1125,1525,Riding Bike
682,1/20/2018 19:46,224,824,1105,Riding Bike
683,1/20/2018 19:47,1085,1141,2682,Riding Bike
684,1/20/2018 19:48,273,442,752,Riding Bike
685,1/20/2018 19:49,0,0,0,Sitting
686,1/20/2018 19:50,80,406,417,Walking
687,1/20/2018 19:51,0,0,0,Sitting
688,1/20/2018 19:52,0,0,0,Sitting
689,1/20/2018 19:53,0,0,0,Sitting
690,1/20/2018 19:54,126,340,247,Walking
691,1/20/2018 19:55,570,848,974,Walking
692,1/20/2018 19:56,240,228,617,Walking
693,1/20/2018 19:57,0,0,0,Sitting
694,1/20/2018 19:58,0,0,0,Sitting
695,1/20/2018 19:59,0,0,0,Sitting
696,1/20/2018 20:00,0,0,0,Sitting
697,1/20/2018 20:01,0,0,0,Sitting
698,1/20/2018 20:02,0,0,0,Sitting
699,1/20/2018 20:03,0,0,0,Sitting
700,1/20/2018 20:04,1063,632,898,Running
701,1/20/2018 20:05,196,676,869,Walking
702,1/20/2018 20:06,23,693,618,Walking
703,1/20/2018 20:07,141,546,1265,Walking
704,1/20/2018 20:08,158,305,818,Walking
705,1/20/2018 20:09,0,0,0,Sitting
706,1/20/2018 20:10,0,0,0,Sitting
707,1/20/2018 20:11,0,0,26,Sitting
708,1/20/2018 20:12,133,641,624,Walking
709,1/20/2018 20:13,0,0,0,Sitting
710,1/20/2018 20:14,0,0,0,Sitting
711,1/20/2018 20:15,1201,1553,1478,Running
712,1/20/2018 20:16,792,643,605,Walking
713,1/20/2018 20:17,139,408,628,Walking
714,1/20/2018 20:18,608,836,1328,Walking
715,1/20/2018 20:19,50,359,816,Walking
716,1/20/2018 20:20,20,338,463,Walking
717,1/20/2018 20:21,20,273,305,Walking
718,1/20/2018 20:22,424,501,565,Walking
719,1/20/2018 20:23,537,556,744,Walking
720,1/21/2018 9:35,1512,2245,2941,Running
721,1/21/2018 9:36,618,769,1067,Walking
722,1/21/2018 9:37,15,309,576,Walking
723,1/21/2018 9:38,98,347,486,Walking
724,1/21/2018 9:39,563,1515,2106,Walking
725,1/21/2018 9:40,927,1804,2687,Running
726,1/21/2018 9:41,33,393,378,Walking
727,1/21/2018 9:42,625,1345,1706,Walking
728,1/21/2018 9:43,341,975,1303,Walking
729,1/21/2018 9:44,959,1535,1400,Running
730,1/21/2018 9:45,551,1231,1495,Walking
731,1/21/2018 9:46,796,1779,1847,Walking
732,1/21/2018 9:47,1270,1969,2202,Running
733,1/21/2018 9:48,555,1153,1221,Walking
734,1/21/2018 9:49,334,1063,1047,Walking
735,1/21/2018 9:50,96,635,992,Walking
736,1/21/2018 9:51,232,948,1159,Walking
737,1/21/2018 9:52,441,999,1478,Walking
738,1/21/2018 9:53,1246,1913,2227,Running
739,1/21/2018 9:54,404,645,927,Walking
740,1/21/2018 9:55,222,611,679,Walking
741,1/21/2018 9:56,363,818,686,Walking
742,1/21/2018 9:57,361,1395,1710,Walking
743,1/21/2018 9:58,916,1502,1784,Running
744,1/21/2018 9:59,1360,1698,1721,Running
745,1/21/2018 10:00,76,469,876,Walking
746,1/21/2018 10:01,55,480,539,Walking
747,1/21/2018 10:02,19,523,896,Walking
748,1/21/2018 10:03,114,971,1343,Walking
749,1/21/2018 10:04,695,1407,1423,Walking
750,1/21/2018 10:05,527,1109,1132,Walking
751,1/21/2018 10:06,1052,1433,1659,Running
752,1/21/2018 10:07,180,843,1433,Walking
753,1/21/2018 10:08,36,571,950,Walking
754,1/21/2018 10:09,78,435,864,Walking
755,1/21/2018 10:10,35,508,733,Walking
756,1/21/2018 10:11,350,894,1097,Walking
757,1/21/2018 10:12,313,562,793,Walking
758,1/21/2018 10:13,37,491,829,Walking
759,1/21/2018 10:14,1382,1489,1359,Running
760,1/21/2018 10:15,255,993,1892,Walking
761,1/21/2018 10:16,224,713,1114,Walking
762,1/21/2018 10:17,115,692,1589,Walking
763,1/21/2018 10:18,84,514,964,Walking
764,1/21/2018 10:19,6,303,379,Walking
765,1/21/2018 10:20,254,966,1499,Walking
766,1/21/2018 10:21,734,1350,1426,Walking
767,1/21/2018 10:22,488,935,926,Walking
768,1/21/2018 10:23,0,0,8,Sitting
769,1/21/2018 10:24,0,0,0,Sitting
770,1/21/2018 10:25,0,100,155,Walking
771,1/21/2018 10:26,0,0,0,Sitting
772,1/21/2018 10:27,0,99,35,Walking
773,1/21/2018 10:28,251,391,562,Walking
774,1/21/2018 10:29,313,921,1227,Walking
775,1/21/2018 10:30,319,927,1029,Walking
776,1/21/2018 10:31,271,832,866,Walking
777,1/21/2018 10:32,840,1648,1502,Walking
778,1/21/2018 10:33,28,177,358,Walking
779,1/21/2018 10:34,1543,1618,1802,Running
780,1/21/2018 10:35,533,1614,1919,Walking
781,1/21/2018 10:36,494,950,1009,Walking
782,1/21/2018 10:37,1222,1547,1552,Running
783,1/21/2018 10:38,797,986,878,Walking
784,1/21/2018 10:39,0,0,0,Sitting
785,1/21/2018 10:40,0,0,0,Sitting
786,1/21/2018 10:41,0,0,0,Sitting
787,1/21/2018 10:42,0,0,2,Sitting
788,1/21/2018 10:43,0,0,0,Sitting
789,1/21/2018 10:44,0,0,0,Sitting
790,1/21/2018 10:45,0,0,0,Sitting
791,1/21/2018 10:46,0,0,0,Sitting
792,1/21/2018 10:47,0,0,0,Sitting
793,1/21/2018 10:48,0,0,0,Sitting
794,1/21/2018 10:49,419,778,443,Walking
795,1/21/2018 10:50,379,795,1341,Walking
796,1/21/2018 10:51,2169,2082,2220,Running
797,1/21/2018 10:52,703,1181,1146,Walking
798,1/21/2018 10:53,1121,1555,1634,Running
799,1/21/2018 10:54,741,1136,1586,Walking
800,1/21/2018 10:55,1387,1800,1230,Running
801,1/21/2018 10:56,1454,2152,1441,Running
802,1/21/2018 10:57,1068,1644,1920,Running
803,1/21/2018 10:58,352,689,480,Walking
804,1/21/2018 10:59,0,0,0,Sitting
805,1/21/2018 11:00,0,0,0,Sitting
806,1/21/2018 11:01,0,0,0,Sitting
807,1/21/2018 11:02,0,0,0,Sitting
808,1/21/2018 11:03,0,0,0,Sitting
809,1/21/2018 11:04,0,0,0,Sitting
810,1/21/2018 11:05,0,0,0,Sitting
811,1/21/2018 11:06,0,0,0,Sitting
812,1/21/2018 11:07,6,0,8,Sitting
813,1/21/2018 11:08,0,0,0,Sitting
814,1/21/2018 11:09,0,0,0,Sitting
815,1/21/2018 11:10,0,0,0,Sitting
816,1/21/2018 11:11,0,0,0,Sitting
817,1/21/2018 11:12,894,1572,876,Running
818,1/21/2018 11:13,0,0,0,Sitting
819,1/21/2018 11:14,0,0,0,Sitting
820,1/21/2018 11:15,0,0,0,Sitting
821,1/21/2018 11:16,318,521,238,Walking
822,1/21/2018 11:17,429,801,1234,Walking
823,1/21/2018 11:18,315,607,948,Walking
824,1/21/2018 11:19,257,575,709,Walking
825,1/21/2018 11:20,0,185,226,Walking
826,1/21/2018 11:21,414,845,1441,Walking
827,1/21/2018 11:22,2,331,301,Walking
828,1/21/2018 11:23,0,217,95,Walking
829,1/21/2018 11:24,12,385,362,Walking
830,1/21/2018 11:25,27,116,369,Walking
831,1/21/2018 11:26,18,445,890,Walking
832,1/21/2018 11:27,496,749,836,Walking
833,1/21/2018 11:28,259,1031,1793,Walking
834,1/21/2018 11:29,906,1435,1635,Running
835,1/21/2018 11:30,2086,2315,1814,Running
836,1/21/2018 11:31,1854,2201,2298,Running
837,1/21/2018 11:32,755,1371,1338,Walking
838,1/21/2018 11:33,924,1622,1936,Running
839,1/21/2018 11:34,188,889,917,Walking
840,1/21/2018 11:35,731,1010,1568,Walking
841,1/21/2018 11:36,1199,1469,1978,Running
842,1/21/2018 11:37,448,909,1366,Walking
843,1/21/2018 11:38,469,1505,2232,Walking
844,1/21/2018 11:39,92,468,555,Walking
845,1/21/2018 11:40,162,366,750,Walking
846,1/21/2018 11:41,1455,1890,2352,Running
847,1/21/2018 11:42,150,775,1156,Walking
848,1/21/2018 11:43,32,400,577,Walking
849,1/21/2018 11:44,442,1066,1412,Walking
850,1/21/2018 11:45,429,1017,2030,Walking
851,1/21/2018 11:46,363,1326,1103,Walking
852,1/21/2018 11:47,325,1615,1285,Walking
853,1/21/2018 11:48,1907,2181,2080,Riding Bike
854,1/21/2018 11:49,1437,1792,1997,Riding Bike
855,1/21/2018 11:50,102,98,263,Riding Bike
856,1/21/2018 11:51,0,0,0,Riding Bike
857,1/21/2018 11:52,25,13,108,Riding Bike
858,1/21/2018 11:53,88,100,316,Riding Bike
859,1/21/2018 11:54,47,26,76,Riding Bike
860,1/21/2018 11:55,77,83,84,Riding Bike
861,1/21/2018 11:56,36,62,107,Riding Bike
862,1/21/2018 11:57,35,27,0,Riding Bike
863,1/21/2018 11:58,138,130,120,Riding Bike
864,1/21/2018 11:59,1122,1652,1197,Riding Bike
865,1/21/2018 12:00,231,906,1100,Riding Bike
866,1/21/2018 12:01,140,504,424,Walking
867,1/21/2018 12:02,0,42,0,Sitting
868,1/21/2018 12:03,88,745,586,Walking
869,1/21/2018 12:04,299,1300,1139,Walking
870,1/21/2018 12:05,0,41,4,Sitting
871,1/21/2018 12:06,0,63,42,Walking
872,1/21/2018 12:07,193,760,404,Walking
873,1/21/2018 12:08,0,49,46,Sitting
874,1/21/2018 12:09,31,153,35,Walking
875,1/21/2018 12:10,0,0,0,Sitting
876,1/21/2018 12:11,0,72,165,Walking
877,1/21/2018 12:12,583,674,768,Walking
878,1/21/2018 12:13,2146,1722,1547,Running
879,1/21/2018 12:14,720,1247,1128,Walking
880,1/21/2018 12:15,0,29,78,Walking
881,1/21/2018 12:16,0,0,0,Sitting
882,1/21/2018 12:17,0,173,49,Walking
883,1/21/2018 12:18,0,121,67,Walking
884,1/21/2018 12:19,97,461,1044,Walking
885,1/21/2018 12:20,347,1123,2090,Walking
886,1/21/2018 12:21,796,1285,1650,Walking
887,1/21/2018 12:22,27,301,426,Walking
888,1/21/2018 12:23,0,119,250,Walking
889,1/21/2018 12:24,117,518,491,Walking
890,1/21/2018 12:25,96,646,1739,Walking
891,1/21/2018 12:26,299,807,1174,Walking
892,1/21/2018 12:27,669,993,1248,Walking
893,1/21/2018 12:28,664,995,1303,Walking
894,1/21/2018 12:29,162,229,540,Walking
895,1/21/2018 12:30,426,1362,1797,Walking
896,1/21/2018 12:31,108,250,343,Walking
897,1/21/2018 12:32,0,14,31,Sitting
898,1/21/2018 12:33,0,22,55,Walking
899,1/21/2018 12:34,290,852,1447,Walking
900,1/21/2018 12:35,146,471,878,Walking
901,1/21/2018 12:36,29,156,669,Walking
902,1/21/2018 12:37,216,647,1352,Walking
903,1/21/2018 12:38,165,410,779,Walking
904,1/21/2018 12:39,31,149,276,Walking
905,1/21/2018 12:40,41,286,762,Walking
906,1/21/2018 12:41,436,482,691,Walking
907,1/21/2018 12:42,294,349,487,Walking
908,1/21/2018 12:43,0,28,198,Walking
909,1/21/2018 12:44,0,29,68,Walking
910,1/21/2018 12:45,0,70,226,Walking
911,1/21/2018 12:46,41,217,561,Walking
912,1/21/2018 12:47,0,89,141,Walking
913,1/21/2018 12:48,0,42,91,Walking
914,1/21/2018 12:49,1,35,65,Walking
915,1/21/2018 12:50,0,17,61,Walking
916,1/21/2018 12:51,381,543,704,Walking
917,1/21/2018 12:52,132,163,124,Walking
918,1/21/2018 12:53,517,1149,1736,Walking
919,1/21/2018 12:54,323,1159,1342,Walking
920,1/21/2018 12:55,160,574,981,Walking
921,1/21/2018 12:56,1256,921,1068,Running
922,1/21/2018 12:57,28,14,117,Walking
923,1/21/2018 12:58,43,87,162,Walking
924,1/21/2018 12:59,0,0,0,Sitting
925,1/21/2018 13:00,1,0,0,Sitting
926,1/21/2018 13:01,0,0,0,Sitting
927,1/21/2018 13:02,4,4,0,Sitting
928,1/21/2018 13:03,26,51,65,Walking
929,1/21/2018 13:04,10,33,0,Sitting
930,1/21/2018 13:05,23,104,139,Walking
931,1/21/2018 13:06,0,5,0,Sitting
932,1/21/2018 13:07,9,22,0,Sitting
933,1/21/2018 13:08,17,41,179,Walking
934,1/21/2018 13:09,1843,1356,1328,Running
935,1/21/2018 13:10,1140,1409,1400,Running
936,1/21/2018 13:11,1155,1474,1034,Running
937,1/21/2018 13:12,63,514,970,Walking
938,1/21/2018 13:13,344,954,1008,Walking
939,1/21/2018 13:14,25,152,447,Walking
940,1/21/2018 13:15,2210,1708,1354,Running
941,1/21/2018 13:16,379,681,1078,Walking
942,1/21/2018 13:17,70,33,184,Walking
943,1/21/2018 13:18,121,132,636,Walking
944,1/21/2018 13:19,768,1260,1643,Walking
945,1/21/2018 13:20,55,805,1869,Walking
946,1/21/2018 13:21,81,1090,1211,Walking
947,1/21/2018 13:22,36,582,1084,Walking
948,1/21/2018 13:23,30,763,1080,Walking
949,1/21/2018 13:24,25,550,804,Walking
950,1/21/2018 13:25,218,797,820,Walking
951,1/21/2018 13:26,43,545,842,Walking
952,1/21/2018 13:27,27,426,620,Walking
953,1/21/2018 13:28,16,203,255,Walking
954,1/21/2018 13:29,121,619,1211,Walking
955,1/21/2018 13:30,11,139,322,Walking
956,1/21/2018 13:31,0,95,111,Walking
957,1/21/2018 13:32,0,160,243,Walking
958,1/21/2018 13:33,5,115,114,Walking
959,1/21/2018 13:34,40,468,588,Walking
960,1/21/2018 13:35,44,295,448,Walking
961,1/21/2018 13:36,66,798,1113,Walking
962,1/21/2018 13:37,107,734,1024,Walking
963,1/21/2018 13:38,26,752,855,Walking
964,1/21/2018 13:39,39,745,905,Walking
965,1/21/2018 13:40,96,623,1657,Walking
966,1/21/2018 13:41,1,67,86,Walking
967,1/21/2018 13:42,7,259,405,Walking
968,1/21/2018 13:43,136,631,939,Walking
969,1/21/2018 13:44,186,470,796,Walking
970,1/21/2018 13:45,202,453,482,Walking
971,1/21/2018 13:46,12,255,564,Walking
972,1/21/2018 13:47,4,137,311,Walking
973,1/21/2018 13:48,510,952,926,Walking
974,1/21/2018 13:49,593,877,944,Walking
975,1/21/2018 13:50,422,353,425,Walking
976,1/21/2018 13:51,92,193,147,Walking
977,1/21/2018 13:52,346,423,377,Walking
978,1/21/2018 13:53,0,90,117,Walking
979,1/21/2018 13:54,9,128,267,Walking
980,1/21/2018 13:55,0,0,0,Sitting
981,1/21/2018 13:56,0,95,75,Walking
982,1/21/2018 13:57,2,136,84,Walking
983,1/21/2018 13:58,649,930,1727,Riding Bike
984,1/21/2018 13:59,619,900,1237,Riding Bike
985,1/21/2018 14:00,0,0,0,Riding Bike
986,1/21/2018 14:01,0,0,0,Riding Bike
987,1/21/2018 14:02,0,0,0,Riding Bike
988,1/21/2018 14:03,0,0,0,Riding Bike
989,1/21/2018 14:04,40,77,183,Riding Bike
990,1/21/2018 14:05,1193,1571,1852,Riding Bike
991,1/21/2018 14:06,329,857,1103,Riding Bike
992,1/21/2018 14:07,133,373,255,Walking
993,1/21/2018 14:08,0,43,28,Sitting
994,1/21/2018 14:09,0,139,184,Walking
995,1/21/2018 14:10,0,0,0,Sitting
996,1/21/2018 14:11,0,0,0,Sitting
997,1/21/2018 14:12,0,0,0,Sitting
998,1/21/2018 14:13,0,31,65,Walking
999,1/21/2018 14:14,0,0,0,Sitting
1000,1/21/2018 14:15,0,10,0,Sitting
1001,1/21/2018 14:16,0,0,0,Sitting
1002,1/21/2018 14:17,0,0,0,Sitting
1003,1/21/2018 14:18,0,0,0,Sitting
1004,1/21/2018 14:19,0,0,0,Sitting
1005,1/21/2018 14:20,0,0,0,Sitting
1006,1/21/2018 14:21,0,69,158,Walking
1007,1/21/2018 14:22,0,0,0,Sitting
1008,1/21/2018 14:23,0,0,0,Sitting
1009,1/21/2018 14:24,0,0,0,Sitting
1010,1/21/2018 14:25,0,0,0,Sitting
1011,1/21/2018 14:26,0,0,0,Sitting
1012,1/21/2018 14:27,0,16,0,Sitting
1013,1/21/2018 14:28,0,0,0,Sitting
1014,1/21/2018 14:29,0,23,0,Sitting
1015,1/21/2018 14:30,0,0,0,Sitting
1016,1/21/2018 14:31,0,0,0,Sitting
1017,1/21/2018 14:32,0,0,0,Sitting
1018,1/21/2018 14:33,0,0,0,Sitting
1019,1/21/2018 14:34,0,0,0,Sitting
1020,1/21/2018 14:35,0,0,0,Sitting
1021,1/21/2018 14:36,0,0,0,Sitting
1022,1/21/2018 14:37,0,0,0,Sitting
1023,1/21/2018 14:38,0,3,2,Sitting
1024,1/21/2018 14:39,0,0,13,Sitting
1025,1/21/2018 14:40,5,30,151,Walking
1026,1/21/2018 14:41,0,4,0,Sitting
1027,1/21/2018 14:42,395,897,932,Walking
1028,1/21/2018 14:43,0,11,209,Walking
1029,1/21/2018 14:44,0,0,0,Sitting
1030,1/21/2018 14:45,0,7,0,Sitting
1031,1/21/2018 14:46,0,32,0,Sitting
1032,1/21/2018 14:47,0,45,30,Sitting
1033,1/21/2018 14:48,0,0,0,Sitting
1034,1/21/2018 14:49,0,0,19,Sitting
1035,1/21/2018 14:50,129,357,658,Riding Bike
1036,1/21/2018 14:51,694,999,1671,Riding Bike
1037,1/21/2018 14:52,99,114,424,Riding Bike
1038,1/21/2018 14:53,0,0,10,Riding Bike
1039,1/21/2018 14:54,0,31,11,Riding Bike
1040,1/21/2018 14:55,4,19,37,Riding Bike
1041,1/21/2018 14:56,6,0,0,Riding Bike
1042,1/21/2018 14:57,0,0,0,Riding Bike
1043,1/21/2018 14:58,11,0,0,Riding Bike
1044,1/21/2018 14:59,1,12,0,Riding Bike
1045,1/21/2018 15:00,7,0,5,Riding Bike
1046,1/21/2018 15:01,0,0,0,Riding Bike
1047,1/21/2018 15:02,19,1,0,Riding Bike
1048,1/21/2018 15:03,0,0,0,Riding Bike
1049,1/21/2018 15:04,14,13,113,Riding Bike
1050,1/21/2018 15:05,0,0,0,Riding Bike
1051,1/21/2018 15:06,12,37,239,Riding Bike
1052,1/21/2018 15:07,2021,1765,1806,Riding Bike
1053,1/21/2018 15:08,2333,1672,1063,Riding Bike
1054,1/21/2018 15:09,974,1327,1451,Riding Bike
1055,1/21/2018 15:10,408,1130,1766,Walking
1056,1/21/2018 15:11,150,625,1098,Walking
1057,1/21/2018 15:12,322,762,1143,Walking
1058,1/21/2018 15:13,645,1036,1256,Walking
1059,1/21/2018 15:14,1419,1253,990,Running
1060,1/21/2018 15:15,327,799,1231,Walking
1061,1/21/2018 15:16,903,1724,1705,Running
1062,1/21/2018 15:17,996,1811,1540,Running
1063,1/21/2018 15:18,637,1516,1434,Walking
1064,1/21/2018 15:19,41,285,543,Walking
1065,1/21/2018 15:20,747,1911,1957,Walking
1066,1/21/2018 15:21,1001,1840,1682,Running
1067,1/21/2018 15:22,2400,1892,1121,Riding Bike
1068,1/21/2018 15:23,958,1374,1692,Riding Bike
1069,1/21/2018 15:24,0,0,30,Riding Bike
1070,1/21/2018 15:25,0,0,4,Riding Bike
1071,1/21/2018 15:26,43,7,0,Riding Bike
1072,1/21/2018 15:27,6,0,56,Riding Bike
1073,1/21/2018 15:28,7,2,0,Riding Bike
1074,1/21/2018 15:29,19,27,48,Riding Bike
1075,1/21/2018 15:30,182,352,266,Riding Bike
1076,1/21/2018 15:31,536,1173,2028,Riding Bike
1077,1/21/2018 15:32,683,1056,1925,Riding Bike
1078,1/21/2018 15:33,83,450,754,Walking
1079,1/21/2018 15:34,312,997,1647,Walking
1080,1/21/2018 15:35,0,2,0,Sitting
1081,1/21/2018 15:36,0,11,0,Sitting
1082,1/21/2018 15:37,0,73,62,Walking
1083,1/21/2018 15:38,0,45,12,Sitting
1084,1/21/2018 15:39,0,282,194,Walking
1085,1/21/2018 15:40,556,893,1463,Walking
1086,1/21/2018 15:41,227,511,1487,Walking
1087,1/21/2018 15:42,700,1364,2559,Walking
1088,1/21/2018 15:43,757,533,1343,Walking
1089,1/21/2018 15:44,104,488,790,Walking
1090,1/21/2018 15:45,474,900,2179,Walking
1091,1/21/2018 15:46,131,520,664,Walking
1092,1/21/2018 15:47,598,1210,1777,Walking
1093,1/21/2018 15:48,94,512,609,Walking
1094,1/21/2018 15:49,158,512,510,Walking
1095,1/21/2018 15:50,2,207,252,Walking
1096,1/21/2018 15:51,474,616,564,Walking
1097,1/21/2018 15:52,49,509,549,Walking
1098,1/21/2018 15:53,24,578,987,Walking
1099,1/21/2018 15:54,49,314,787,Walking
1100,1/21/2018 15:55,53,307,346,Walking
1101,1/21/2018 15:56,17,280,625,Walking
1102,1/21/2018 15:57,37,251,576,Walking
1103,1/21/2018 15:58,145,767,889,Walking
1104,1/21/2018 15:59,45,428,415,Walking
1105,1/21/2018 16:00,812,848,1217,Walking
1106,1/21/2018 16:01,1682,1326,2497,Running
1107,1/21/2018 16:02,1114,1480,2111,Running
1108,1/21/2018 16:03,1461,1761,2798,Running
1109,1/21/2018 16:04,307,584,1095,Walking
1110,1/21/2018 16:05,654,1100,1905,Walking
1111,1/21/2018 16:06,452,1474,1338,Walking
1112,1/21/2018 16:07,114,364,307,Walking
1113,1/21/2018 16:08,233,522,568,Walking
1114,1/21/2018 16:09,429,900,580,Walking
1115,1/21/2018 16:10,522,724,668,Walking
1116,1/21/2018 16:11,255,544,183,Walking
1117,1/21/2018 16:12,63,164,457,Walking
1118,1/21/2018 16:13,463,839,656,Walking
1119,1/21/2018 16:14,583,1384,1699,Walking
1120,1/21/2018 16:15,200,944,1075,Walking
1121,1/21/2018 16:16,261,724,611,Walking
1122,1/21/2018 16:17,50,520,335,Walking
1123,1/21/2018 16:18,256,688,578,Walking
1124,1/21/2018 16:19,1167,975,1769,Running
1125,1/21/2018 16:20,182,205,132,Walking
1126,1/21/2018 16:21,1483,1732,2000,Running
1127,1/21/2018 16:22,926,1080,2183,Running
1128,1/21/2018 16:23,27,76,375,Walking
1129,1/21/2018 16:24,0,0,0,Sitting
1130,1/21/2018 16:25,352,837,1087,Walking
1131,1/21/2018 16:26,477,836,1123,Walking
1132,1/21/2018 16:27,274,845,826,Walking
1133,1/21/2018 16:28,243,407,384,Walking
1134,1/21/2018 16:29,951,1372,2190,Running
1135,1/21/2018 16:30,19,1098,586,Walking
1136,1/21/2018 16:31,410,1293,743,Walking
1137,1/21/2018 16:32,107,661,827,Walking
1138,1/21/2018 16:33,784,1117,2341,Walking
1139,1/21/2018 16:34,975,1275,2632,Running
1140,1/21/2018 16:35,612,1630,2204,Walking
1141,1/21/2018 16:36,1612,1773,3043,Running
1142,1/21/2018 16:37,491,1298,2576,Walking
1143,1/21/2018 16:38,890,1351,2584,Running
1144,1/21/2018 16:39,563,1169,2102,Walking
1145,1/21/2018 16:40,1429,2124,2249,Running
1146,1/21/2018 16:41,1835,1945,1828,Running
1147,1/21/2018 16:42,1616,1677,3199,Running
1148,1/21/2018 16:43,246,495,1100,Walking
1149,1/21/2018 16:44,5,98,305,Walking
1150,1/21/2018 16:45,291,748,1322,Walking
1151,1/21/2018 16:46,686,1562,2053,Walking
1152,1/21/2018 16:47,909,916,1299,Running
1153,1/21/2018 16:48,0,0,0,Sitting
1154,1/21/2018 16:49,0,0,0,Sitting
1155,1/21/2018 16:50,0,0,0,Sitting
1156,1/21/2018 16:51,0,0,0,Sitting
1157,1/21/2018 16:52,0,0,0,Sitting
1158,1/21/2018 16:53,0,0,0,Sitting
1159,1/21/2018 16:54,0,0,0,Sitting
1160,1/21/2018 16:55,0,0,0,Sitting
1161,1/21/2018 16:56,0,0,0,Sitting
1162,1/21/2018 16:57,0,0,0,Sitting
1163,1/21/2018 16:58,0,0,0,Sitting
1164,1/21/2018 16:59,0,0,0,Sitting
1165,1/21/2018 17:00,0,0,0,Sitting
1166,1/21/2018 17:01,0,0,0,Sitting
1167,1/21/2018 17:02,395,720,1108,Walking
1168,1/21/2018 17:03,210,765,629,Walking
1169,1/21/2018 17:04,0,55,8,Walking
1170,1/21/2018 17:05,0,0,0,Sitting
1171,1/21/2018 17:06,0,0,0,Sitting
1172,1/21/2018 17:07,0,10,0,Sitting
1173,1/21/2018 17:08,0,65,23,Walking
1174,1/21/2018 17:09,191,627,940,Walking
1175,1/21/2018 17:10,98,345,645,Walking
1176,1/21/2018 17:11,484,811,943,Walking
1177,1/21/2018 17:12,394,1025,2128,Walking
1178,1/21/2018 17:13,39,321,486,Walking
1179,1/21/2018 17:14,497,1132,2254,Walking
1180,1/21/2018 17:15,174,516,554,Walking
1181,1/21/2018 17:16,0,0,0,Sitting
1182,1/21/2018 17:17,0,0,0,Sitting
1183,1/21/2018 17:18,242,769,1349,Walking
1184,1/21/2018 17:19,345,917,2056,Walking
1185,1/21/2018 17:20,556,832,955,Walking
1186,1/21/2018 17:21,635,1073,1016,Walking
1187,1/21/2018 17:22,344,1096,2042,Walking
1188,1/21/2018 17:23,690,1385,1730,Walking
1189,1/21/2018 17:24,130,819,1609,Walking
1190,1/21/2018 17:25,30,522,771,Walking
1191,1/21/2018 17:26,279,619,1074,Walking
1192,1/21/2018 17:27,18,395,666,Walking
1193,1/21/2018 17:28,397,1083,2000,Walking
1194,1/21/2018 17:29,306,736,1079,Walking
1195,1/21/2018 17:30,167,654,1442,Walking
1196,1/21/2018 17:31,197,631,928,Walking
1197,1/21/2018 17:32,668,1045,1723,Walking
1198,1/21/2018 17:33,132,1068,1175,Walking
1199,1/21/2018 17:34,0,375,50,Walking
1200,1/21/2018 17:35,0,135,102,Walking
1201,1/21/2018 17:36,0,0,0,Sitting
1202,1/21/2018 17:37,0,0,0,Sitting
1203,1/21/2018 17:38,0,0,0,Sitting
1204,1/21/2018 17:39,0,11,0,Sitting
1205,1/21/2018 17:40,0,0,0,Sitting
1206,1/21/2018 17:41,0,55,0,Walking
1207,1/21/2018 17:42,0,0,0,Sitting
1208,1/21/2018 17:43,0,0,0,Sitting
1209,1/21/2018 17:44,0,63,12,Walking
1210,1/21/2018 17:45,0,0,0,Sitting
1211,1/21/2018 17:46,0,82,29,Walking
1212,1/21/2018 17:47,18,310,586,Walking
1213,1/21/2018 17:48,200,903,1837,Walking
1214,1/21/2018 17:49,82,364,1052,Walking
1215,1/21/2018 17:50,389,1082,1467,Walking
1216,1/21/2018 17:51,12,308,881,Walking
1217,1/21/2018 17:52,160,643,900,Walking
1218,1/21/2018 17:53,166,508,750,Walking
1219,1/21/2018 17:54,389,1389,2217,Walking
1220,1/21/2018 17:55,385,776,1424,Walking
1221,1/21/2018 17:56,226,858,2175,Walking
1222,1/21/2018 17:57,116,612,1212,Walking
1223,1/21/2018 17:58,36,195,689,Walking
1224,1/21/2018 17:59,54,297,739,Walking
1225,1/21/2018 18:00,0,14,0,Sitting
1226,1/21/2018 18:01,18,133,328,Walking
1227,1/21/2018 18:02,0,113,194,Walking
1228,1/21/2018 18:03,4,109,423,Walking
1229,1/21/2018 18:04,44,280,873,Walking
1230,1/21/2018 18:05,12,559,833,Walking
1231,1/21/2018 18:06,63,535,1180,Walking
1232,1/21/2018 18:07,260,926,1492,Walking
1233,1/21/2018 18:08,254,968,1934,Walking
1234,1/21/2018 18:09,593,1331,2010,Walking
1235,1/21/2018 18:10,0,0,0,Sitting
1236,1/21/2018 18:11,0,0,0,Sitting
1237,1/21/2018 18:12,0,0,0,Sitting
1238,1/21/2018 18:13,0,0,0,Sitting
1239,1/21/2018 18:14,0,0,0,Sitting
1240,1/21/2018 18:15,0,0,0,Sitting
1241,1/21/2018 18:16,176,280,435,Walking
1242,1/21/2018 18:17,0,0,0,Sitting
1243,1/21/2018 18:18,0,0,0,Sitting
1244,1/21/2018 18:19,0,0,0,Sitting
1245,1/21/2018 18:20,0,0,0,Sitting
1246,1/21/2018 18:21,0,0,0,Sitting
1247,1/21/2018 18:22,0,0,0,Sitting
1248,1/21/2018 18:23,0,0,0,Sitting
1249,1/21/2018 18:24,0,0,0,Sitting
1250,1/21/2018 18:25,136,237,362,Walking
1251,1/21/2018 18:26,238,764,1140,Walking
1252,1/21/2018 18:27,412,1143,1820,Walking
1253,1/21/2018 18:28,1043,1632,2604,Running
1254,1/21/2018 18:29,757,1346,1824,Walking
1255,1/21/2018 18:30,880,1525,1664,Running
1256,1/21/2018 18:31,2562,2494,2416,Running
1257,1/21/2018 18:32,828,1272,1499,Walking
1258,1/21/2018 18:33,699,1005,1437,Walking
1259,1/21/2018 18:34,654,1056,1204,Walking
1260,1/21/2018 18:35,953,1711,2363,Running
1261,1/21/2018 18:36,1103,1939,2301,Running
1262,1/21/2018 18:37,310,511,386,Walking
1263,1/21/2018 18:38,123,441,811,Walking
1264,1/21/2018 18:39,422,562,973,Walking
1265,1/21/2018 18:40,332,879,958,Walking
1266,1/21/2018 18:41,362,1184,1556,Walking
1267,1/21/2018 18:42,680,662,1028,Walking
1268,1/21/2018 18:43,1159,1726,1578,Running
1269,1/22/2018 7:07,225,234,84,Walking
1270,1/22/2018 7:08,975,1329,2376,Running
1271,1/22/2018 7:09,975,1045,1385,Running
1272,1/22/2018 7:10,58,280,634,Walking
1273,1/22/2018 7:11,23,295,529,Walking
1274,1/22/2018 7:12,43,455,1125,Walking
1275,1/22/2018 7:13,230,453,770,Walking
1276,1/22/2018 7:14,13,297,221,Walking
1277,1/22/2018 7:15,570,334,965,Walking
1278,1/22/2018 7:16,431,379,849,Walking
1279,1/22/2018 7:17,5,35,97,Walking
1280,1/22/2018 7:18,51,309,452,Walking
1281,1/22/2018 7:19,61,217,401,Walking
1282,1/22/2018 7:20,9,119,252,Walking
1283,1/22/2018 7:21,159,588,919,Walking
1284,1/22/2018 7:22,523,572,907,Walking
1285,1/22/2018 7:23,287,206,500,Walking
1286,1/22/2018 7:24,465,710,616,Walking
1287,1/22/2018 7:25,425,492,625,Walking
1288,1/22/2018 7:26,752,366,1110,Walking
1289,1/22/2018 7:27,479,1113,1296,Walking
1290,1/22/2018 7:28,1333,985,2088,Running
1291,1/22/2018 7:29,767,919,1443,Walking
1292,1/22/2018 7:30,1477,941,1412,Riding Bike
1293,1/22/2018 7:31,247,517,1089,Riding Bike
1294,1/22/2018 7:32,728,1634,2612,Riding Bike
1295,1/22/2018 7:33,0,38,92,Riding Bike
1296,1/22/2018 7:34,9,104,95,Riding Bike
1297,1/22/2018 7:35,541,504,878,Riding Bike
1298,1/22/2018 7:36,1973,1110,1753,Riding Bike
1299,1/22/2018 7:37,1373,1059,1299,Riding Bike
1300,1/22/2018 7:38,2439,1360,1324,Riding Bike
1301,1/22/2018 7:39,1855,1113,1221,Riding Bike
1302,1/22/2018 7:40,412,322,534,Walking
1303,1/22/2018 7:41,438,476,345,Walking
1304,1/22/2018 7:42,2494,1839,1469,Riding Bike
1305,1/22/2018 7:43,34,48,50,Riding Bike
1306,1/22/2018 7:44,0,4,37,Riding Bike
1307,1/22/2018 7:45,2,50,75,Riding Bike
1308,1/22/2018 7:46,6,13,26,Riding Bike
1309,1/22/2018 7:47,13,3,72,Riding Bike
1310,1/22/2018 7:48,5,0,0,Riding Bike
1311,1/22/2018 7:49,0,0,0,Riding Bike
1312,1/22/2018 7:50,0,40,82,Riding Bike
1313,1/22/2018 7:51,10,76,51,Riding Bike
1314,1/22/2018 7:52,0,44,210,Riding Bike
1315,1/22/2018 7:53,2613,1342,1983,Riding Bike
1316,1/22/2018 7:54,1953,1328,1929,Riding Bike
1317,1/22/2018 7:55,204,553,841,Walking
1318,1/22/2018 7:56,424,742,1127,Walking
1319,1/22/2018 7:57,2252,1333,1575,Running
1320,1/22/2018 7:58,3267,1558,1780,Running
1321,1/22/2018 7:59,3447,1705,1579,Running
1322,1/22/2018 8:00,3282,1640,1702,Running
1323,1/22/2018 8:01,3198,1808,1974,Running
1324,1/22/2018 8:02,562,436,752,Walking
1325,1/22/2018 8:03,1546,1049,1481,Running
1326,1/22/2018 8:04,381,619,1151,Walking
1327,1/22/2018 8:05,630,551,903,Walking
1328,1/22/2018 8:06,199,225,469,Walking
1329,1/22/2018 8:07,532,223,625,Walking
1330,1/22/2018 8:08,126,289,763,Walking
1331,1/22/2018 8:09,97,21,111,Walking
1332,1/22/2018 8:10,935,349,607,Walking
1333,1/22/2018 8:11,455,527,701,Walking
1334,1/22/2018 8:12,932,626,1406,Walking
1335,1/22/2018 8:13,1224,603,1259,Running
1336,1/22/2018 8:14,504,218,459,Walking
1337,1/22/2018 8:15,1875,1235,1747,Running
1338,1/22/2018 8:16,183,302,563,Walking
1339,1/22/2018 8:17,311,202,370,Walking
1340,1/22/2018 8:18,21,146,136,Walking
1341,1/22/2018 8:19,0,54,134,Walking
1342,1/22/2018 8:20,168,253,281,Walking
1343,1/22/2018 8:21,137,204,323,Walking
1344,1/22/2018 8:22,182,235,353,Walking
1345,1/22/2018 8:23,9,200,126,Walking
1346,1/22/2018 8:24,336,804,928,Walking
1347,1/22/2018 8:25,398,719,1051,Walking
1348,1/22/2018 8:26,699,366,892,Walking
1349,1/22/2018 8:27,0,274,210,Walking
1350,1/22/2018 8:28,112,101,353,Walking
1351,1/22/2018 8:29,119,16,84,Walking
1352,1/22/2018 8:30,91,39,140,Walking
1353,1/22/2018 8:31,0,126,247,Walking
1354,1/22/2018 8:32,0,228,126,Walking
1355,1/22/2018 8:33,311,354,701,Walking
1356,1/22/2018 8:34,117,237,396,Walking
1357,1/22/2018 8:35,6,381,317,Walking
1358,1/22/2018 8:36,22,149,9,Walking
1359,1/22/2018 8:37,0,78,54,Walking
1360,1/22/2018 8:38,19,419,242,Walking
1361,1/22/2018 8:39,1375,874,1343,Running
1362,1/22/2018 8:40,944,574,960,Walking
1363,1/22/2018 8:41,1016,725,810,Running
1364,1/22/2018 8:42,3901,1420,1637,Running
1365,1/22/2018 8:43,3969,1842,1986,Running
1366,1/22/2018 8:44,3988,1769,1934,Running
1367,1/22/2018 8:45,3289,1852,1860,Running
1368,1/22/2018 8:46,1717,1832,1472,Running
1369,1/22/2018 8:47,680,750,966,Walking
